city_name,county_id,"Meal, Inexpensive Restaurant","Meal for 2 People, Mid-range Restaurant, Three-course",McMeal at McDonalds (or Equivalent Combo Meal),Domestic Beer (1 pint draught),Imported Beer (12 oz small bottle),Cappuccino (regular),Coke/Pepsi (12 oz small bottle),Water (12 oz small bottle),"Milk (regular), (1 gallon)",Loaf of Fresh White Bread (1 lb),"Rice (white), (1 lb)",Eggs (regular) (12),Local Cheese (1 lb),"Chicken Breasts (Boneless, Skinless), (1 lb)",Beef Round (1 lb) (or Equivalent Back Leg Red Meat),Apples (1 lb),Banana (1 lb),Oranges (1 lb),Tomato (1 lb),Potato (1 lb),Onion (1 lb),Lettuce (1 head),Water (1.5 liter bottle),Bottle of Wine (Mid-Range),Domestic Beer (0.5 liter bottle),Imported Beer (12 oz small bottle),Cigarettes 20 Pack (Marlboro),One-way Ticket (Local Transport),Monthly Pass (Regular Price),Taxi Start (Normal Tariff),Taxi 1 mile (Normal Tariff),Taxi 1hour Waiting (Normal Tariff),Gasoline (1 gallon),Volkswagen Golf 1.4 90 KW Trendline (Or Equivalent New Car),Toyota Corolla 1.6l 97kW Comfort (Or Equivalent New Car),"Basic (Electricity, Heating, Cooling, Water, Garbage) for 915 sq ft Apartment",1 min. of Prepaid Mobile Tariff Local (No Discounts or Plans),"Internet (60 Mbps or More, Unlimited Data, Cable/ADSL)","Fitness Club, Monthly Fee for 1 Adult",Tennis Court Rent (1 Hour on Weekend),"Cinema, International Release, 1 Seat","Preschool (or Kindergarten), Full Day, Private, Monthly for 1 Child","International Primary School, Yearly for 1 Child",1 Pair of Jeans (Levis 501 Or Similar),"1 Summer Dress in a Chain Store (Zara, H&M, ...)",1 Pair of Nike Running Shoes (Mid-Range),1 Pair of Men Leather Business Shoes,Apartment (1 bedroom) in City Centre,Apartment (1 bedroom) Outside of Centre,Apartment (3 bedrooms) in City Centre,Apartment (3 bedrooms) Outside of Centre,Price per Square Feet to Buy Apartment in City Centre,Price per Square Feet to Buy Apartment Outside of Centre,Average Monthly Net Salary (After Tax),"Mortgage Interest Rate in Percentages (%), Yearly, for 20 Years Fixed-Rate"
New York,36061,$20.00,$80.00,$9.00,$7.00,$8.00,$4.52,$2.03,$1.61,$4.41,$3.49,$3.03,$3.60,$7.62,$5.87,$6.86,$2.67,$1.09,$2.71,$2.67,$1.75,$1.52,$2.28,$2.41,$15.00,$2.12,$2.88,$14.00,$2.75,$121.00,$2.50,$2.88,$30.00,$3.06,"$21,922.50","$21,227.73",$142.27,$0.06,$62.81,$78.39,$33.95,$16.00,"$2,392.16","$38,523.81",$52.16,$38.28,$85.33,$126.49,"$3,096.69","$1,977.95","$6,410.93","$3,378.95","$1,278.57",$565.11,"$4,689.16",4.33
Anchorage,02020,$14.70,$60.00,$8.50,$5.00,$6.25,$4.23,$2.19,$2.05,$4.06,$3.23,$3.31,$3.11,$7.05,$5.05,$7.39,$2.78,$0.99,$2.67,$2.41,$1.28,$1.53,$1.99,$2.50,$15.00,$2.03,$5.00,$10.00,$2.00,$60.00,$2.80,$2.50,$50.00,$3.23,"$25,000.00","$20,811.40",$223.01,$0.10,$109.14,$71.00,$23.50,$12.50,$810.00,"$18,000.00",$44.00,$39.40,$80.89,$104.50,"$1,223.81",$984.72,"$1,944.77","$1,717.39",$217.69,$172.32,"$3,950.79",4.18
San Francisco,06075,$16.00,$80.00,$9.00,$6.00,$7.00,$4.52,$2.41,$1.93,$4.32,$3.07,$2.11,$3.30,$8.69,$5.88,$6.96,$1.95,$1.03,$1.62,$2.15,$1.51,$1.22,$1.30,$1.66,$15.00,$1.77,$2.29,$11.00,$2.75,$78.50,$3.50,$3.00,$33.00,$3.91,"$22,000.00","$21,635.29",$125.01,$0.10,$65.41,$83.29,$23.00,$15.00,"$2,091.49","$26,319.05",$62.52,$43.17,$87.48,$139.69,"$3,412.16","$2,816.80","$6,071.59","$4,604.38","$1,178.74",$912.03,"$6,649.70",4.29
Honolulu,15003,$15.00,$65.00,$8.25,$5.62,$7.00,$5.09,$2.02,$1.63,$6.15,$3.97,$2.00,$4.22,$5.13,$5.25,$7.10,$2.30,$1.44,$2.35,$2.51,$1.47,$1.89,$2.40,$2.12,$15.00,$2.39,$2.88,$10.00,$2.75,$70.00,$3.50,$3.30,$36.00,$3.54,"$25,000.00","$20,559.55",$206.39,$0.10,$54.54,$47.50,$17.00,$12.50,"$1,025.00","$18,437.50",$48.42,$38.20,$83.20,$102.69,"$1,771.74","$1,485.74","$3,371.52","$2,703.39",$686.14,$476.90,"$3,598.88",4.39
Brooklyn,36047,$20.00,$70.00,$9.00,$6.00,$7.00,$4.35,$1.91,$1.57,$4.10,$2.33,$1.78,$2.33,$6.33,$5.42,$6.18,$1.77,$0.74,$2.21,$2.50,$1.14,$1.57,$1.96,$1.92,$15.00,$2.67,$3.30,$13.00,$2.75,$121.00,$2.88,$2.00,$30.00,$2.98,"$21,287.50","$19,916.67",$113.44,$0.10,$64.89,$59.57,$40.00,$15.00,"$1,232.87","$28,600.00",$54.25,$39.32,$75.79,$105.75,"$2,503.73","$1,729.00","$4,837.50","$2,962.50","$1,012.24",$389.33,"$3,310.03",4.28
Boston,25025,$15.00,$68.00,$8.00,$7.00,$7.46,$3.96,$1.89,$1.55,$3.22,$2.53,$1.80,$2.58,$6.42,$6.11,$6.71,$2.33,$0.70,$3.50,$2.70,$1.93,$1.60,$2.04,$1.75,$15.00,$2.03,$2.97,$10.97,$2.35,$84.50,$2.60,$3.00,$28.00,$2.85,"$22,080.00","$20,448.89",$155.72,$0.09,$64.77,$59.15,$16.44,$14.00,"$1,724.83","$24,903.75",$47.97,$30.00,$75.85,$96.11,"$2,430.86","$1,763.17","$4,070.40","$2,678.04",$932.56,$396.50,"$4,698.84",4.31
Washington DC,11001,$16.00,$75.00,$8.00,$6.00,$8.00,$4.21,$1.91,$1.60,$3.37,$3.24,$1.62,$2.97,$5.07,$5.86,$5.84,$2.87,$0.78,$2.89,$2.89,$1.55,$1.72,$2.52,$2.26,$15.00,$2.79,$4.33,$8.90,$2.50,$100.00,$3.50,$2.33,$25.00,$2.93,"$21,500.00","$19,271.00",$120.71,$0.10,$68.13,$65.34,$6.12,$14.00,"$1,517.58","$29,333.33",$52.91,$35.79,$80.16,$112.86,"$2,266.62","$1,735.01","$4,148.22","$3,058.33",$573.34,$286.04,"$5,389.07",4.27
Seattle,53033,$15.00,$62.50,$8.00,$5.50,$6.00,$4.20,$2.05,$1.50,$3.47,$2.91,$1.80,$3.14,$7.15,$5.57,$6.66,$2.48,$0.78,$1.81,$1.96,$1.07,$1.13,$1.74,$1.93,$15.00,$2.06,$2.51,$10.00,$2.75,$100.00,$2.60,$2.70,$30.00,$3.42,"$23,500.00","$22,078.65",$151.61,$0.12,$66.14,$51.18,$29.40,$14.00,"$1,523.33","$23,236.36",$49.60,$41.76,$82.32,$114.11,"$2,004.24","$1,541.49","$3,549.89","$2,532.27",$667.11,$404.13,"$5,105.72",4.36
Philadelphia,42101,$15.00,$55.00,$7.00,$5.00,$7.00,$3.82,$1.82,$1.22,$3.99,$3.00,$1.80,$2.70,$6.57,$4.22,$7.59,$3.03,$0.66,$1.19,$2.14,$1.87,$2.00,$2.01,$2.02,$15.00,$2.73,$3.40,$10.00,$2.50,$96.00,$2.95,$4.00,$24.00,$2.97,"$21,694.00","$19,918.83",$146.95,$0.10,$68.85,$30.95,$36.10,$13.00,"$1,016.67","$23,000.00",$40.33,$30.25,$72.50,$88.14,"$1,572.58","$1,031.02","$2,755.21","$1,616.65",$304.78,$110.28,"$3,015.47",4.34
San Jose,06085,$19.71,$60.00,$8.00,$6.12,$7.00,$4.16,$2.10,$1.93,$4.53,$3.09,$2.19,$3.28,$5.47,$4.31,$5.73,$1.98,$0.97,$1.60,$1.70,$1.23,$0.95,$1.99,$1.87,$15.99,$3.00,$4.50,$8.50,$2.25,$80.00,$5.00,$5.00,$30.00,$3.71,"$21,000.00","$20,770.83",$123.64,$0.23,$64.92,$39.90,$19.61,$13.00,"$1,562.73","$17,133.33",$43.07,$38.87,$73.43,$83.21,"$2,586.09","$2,218.82","$3,935.01","$3,547.45",$789.54,$614.41,"$6,182.50",4.25
Chicago,17031,$15.00,$65.00,$7.00,$5.00,$7.00,$3.88,$1.82,$1.61,$2.80,$2.52,$1.87,$2.33,$5.02,$4.83,$5.59,$2.22,$0.78,$1.99,$1.46,$1.11,$1.00,$1.38,$2.21,$14.00,$2.07,$2.24,$13.00,$2.50,$105.00,$3.25,$2.25,$24.00,$3.05,"$20,955.00","$20,906.00",$133.40,$0.16,$60.84,$48.95,$27.35,$12.00,"$1,099.88","$16,371.43",$52.78,$38.92,$80.51,$111.91,"$1,811.29","$1,141.56","$3,322.25","$1,962.98",$355.34,$188.87,"$4,213.61",4.38
Los Angeles,06037,$15.00,$70.00,$7.50,$6.00,$7.00,$4.48,$2.36,$1.74,$3.75,$2.85,$1.80,$3.26,$4.73,$4.74,$5.86,$2.01,$0.93,$1.44,$1.60,$1.29,$1.00,$1.27,$1.93,$12.00,$2.06,$2.61,$9.00,$1.75,$100.00,$3.23,$2.75,$29.19,$3.76,"$21,870.00","$20,474.30",$146.01,$0.12,$60.45,$39.75,$12.35,$15.00,"$1,117.81","$21,776.79",$48.44,$33.20,$78.28,$107.48,"$2,191.90","$1,663.92","$3,900.96","$2,869.32",$695.53,$443.29,"$4,044.99",4.33
Charlotte,37119,$15.00,$57.50,$6.50,$5.00,$6.00,$4.17,$1.76,$1.37,$2.63,$2.11,$2.50,$2.64,$5.09,$4.69,$5.91,$2.54,$0.54,$2.76,$1.82,$1.10,$1.42,$1.59,$2.50,$10.00,$2.70,$4.00,$6.04,$2.20,$88.00,$3.00,$4.45,$35.00,$2.56,"$20,000.00","$18,795.45",$156.46,$0.15,$58.54,$40.71,$13.33,$11.00,$976.81,"$18,805.00",$43.81,$39.59,$82.05,$110.53,"$1,424.50","$1,001.33","$2,207.59","$1,659.70",$236.87,$122.59,"$3,963.19",4.26
Sacramento,06067,$13.75,$50.00,$8.00,$4.50,$5.00,$4.19,$1.81,$1.49,$3.81,$2.95,$1.63,$3.31,$5.56,$4.78,$5.55,$1.64,$0.79,$1.76,$2.48,$1.04,$1.25,$1.69,$1.42,$8.50,$1.55,$1.98,$9.00,$2.75,$100.00,$4.00,$3.00,$25.00,$3.61,"$22,000.00","$20,966.67",$200.80,$0.19,$60.67,$46.38,$11.86,$12.00,$868.33,"$17,750.00",$42.48,$34.55,$75.24,$108.05,"$1,463.33","$1,214.12","$2,227.27","$1,830.43",$299.29,$190.56,"$3,686.37",4.31
Portland,41051,$15.00,$50.00,$7.62,$5.00,$5.00,$4.18,$1.89,$1.52,$3.16,$2.68,$1.75,$2.66,$5.92,$5.02,$6.78,$2.37,$0.64,$1.62,$1.88,$0.89,$0.90,$1.73,$1.70,$14.00,$2.06,$3.15,$7.00,$2.50,$100.00,$3.50,$2.60,$30.00,$3.26,"$21,922.50","$21,863.53",$174.00,$0.12,$64.66,$41.98,$15.70,$12.00,"$1,108.21","$17,908.25",$48.67,$37.36,$79.98,$94.93,"$1,565.42","$1,132.46","$2,784.38","$1,917.11",$371.84,$254.82,"$3,845.48",4.27
Miami,12025,$15.00,$70.00,$7.50,$5.00,$7.00,$3.69,$1.98,$1.52,$3.65,$2.52,$2.29,$2.87,$4.21,$3.57,$5.44,$2.43,$0.74,$1.90,$1.98,$1.73,$1.32,$2.21,$1.78,$13.50,$1.72,$2.00,$6.00,$2.35,$112.38,$2.80,$2.89,$27.00,$2.77,"$21,380.00","$20,818.81",$114.20,$0.15,$59.59,$38.65,$20.44,$12.50,$779.50,"$17,222.22",$42.87,$34.17,$75.36,$86.84,"$1,857.72","$1,355.84","$3,355.56","$2,261.19",$380.95,$217.21,"$3,122.43",4.81
Albany,36001,$17.00,$67.50,$7.25,$5.00,$6.00,$3.75,$1.78,$1.59,$3.40,$2.54,$1.65,$2.20,$5.17,$2.92,$4.66,$1.84,$0.67,$2.00,$2.33,$1.50,$1.50,$1.75,$1.71,$13.50,$2.14,$2.08,$11.00,$1.50,$60.00,$4.15,$4.00,$30.00,$2.78,"$22,000.00","$19,413.83",$164.46,$0.10,$64.46,$25.83,$35.00,$12.00,$682.40,"$18,000.00",$43.08,$39.40,$74.33,$93.00,"$1,051.92",$871.67,"$1,590.00","$1,320.00",$138.76,$103.52,"$2,875.00",4.32
Minneapolis,27053,$15.00,$60.00,$7.50,$5.00,$6.50,$4.29,$1.78,$1.31,$2.64,$2.66,$1.95,$1.67,$4.66,$4.23,$5.73,$2.05,$0.71,$1.48,$1.66,$0.89,$0.97,$1.62,$1.55,$15.00,$1.50,$2.50,$9.00,$2.50,$90.00,$5.00,$4.00,$24.50,$2.72,"$21,850.00","$20,010.56",$144.97,$0.19,$57.23,$56.83,$15.86,$12.00,"$1,330.77","$14,850.00",$46.04,$39.86,$75.04,$112.79,"$1,474.31","$1,097.94","$2,787.50","$1,729.65",$271.40,$151.05,"$3,653.66",4.27
Baltimore,24005,$15.00,$65.00,$6.57,$5.00,$7.00,$3.89,$1.65,$1.38,$3.15,$2.61,$1.58,$2.14,$4.02,$3.95,$6.28,$2.20,$0.59,$1.84,$2.56,$1.20,$1.64,$1.74,$1.50,$11.00,$1.73,$2.24,$7.54,$1.80,$72.00,$4.00,$3.80,$24.00,$2.73,"$22,000.00","$19,970.82",$153.64,$0.12,$70.75,$38.09,$20.00,$12.00,"$1,022.22","$21,000.00",$42.29,$26.94,$75.86,$98.65,"$1,376.47","$1,064.77","$2,231.25","$1,676.47",$207.44,$113.88,"$3,401.52",4.23
Denver,08031,$15.00,$60.00,$7.50,$5.00,$6.00,$4.32,$1.85,$1.50,$2.94,$2.87,$1.59,$2.74,$5.31,$3.34,$5.21,$2.19,$0.73,$2.08,$1.80,$0.96,$1.08,$1.82,$1.98,$13.00,$1.95,$2.78,$5.88,$3.00,$114.00,$2.50,$2.25,$22.50,$2.63,"$22,000.00","$21,005.24",$121.20,$0.20,$56.44,$36.17,$9.42,$12.00,"$1,108.30","$16,787.20",$43.97,$33.41,$75.93,$93.96,"$1,638.67","$1,249.62","$2,833.10","$2,184.70",$407.76,$265.81,"$3,801.34",4.39
Pittsburgh,42003,$13.50,$50.00,$7.00,$4.00,$5.00,$3.43,$1.68,$1.12,$3.42,$2.22,$1.28,$1.94,$4.75,$4.17,$5.38,$1.90,$0.55,$1.75,$2.31,$1.08,$1.55,$1.62,$1.75,$13.50,$1.99,$2.52,$8.50,$2.75,$97.50,$5.00,$3.00,$26.45,$3.08,"$21,000.00","$18,750.00",$171.52,$0.08,$75.33,$30.48,$35.80,$10.00,"$1,052.50","$11,333.33",$42.29,$36.78,$77.62,$93.06,"$1,145.72",$851.58,"$2,030.00","$1,418.59",$162.54,$70.13,"$3,056.25",4.39
Raleigh,37063,$12.00,$50.00,$6.50,$4.00,$6.00,$4.34,$1.79,$1.73,$3.39,$2.55,$2.28,$2.34,$6.60,$5.46,$7.66,$2.11,$0.61,$1.95,$1.90,$1.04,$0.94,$1.93,$1.87,$13.50,$2.14,$3.08,$5.50,$1.75,$45.00,$2.50,$2.50,$27.50,$2.59,"$21,922.50","$20,513.44",$127.21,$0.18,$55.79,$35.25,$9.50,$10.00,$812.27,"$11,166.67",$42.30,$38.67,$72.86,$94.40,"$1,246.99",$969.57,"$1,850.25","$1,445.08",$258.09,$129.51,"$4,538.75",4.32
San Diego,06073,$15.00,$50.00,$7.75,$6.00,$6.75,$4.38,$2.05,$1.57,$3.44,$2.97,$1.71,$3.13,$4.98,$4.21,$5.48,$1.48,$0.76,$0.98,$1.70,$0.93,$0.89,$1.35,$1.76,$12.00,$1.92,$2.47,$8.00,$2.50,$72.00,$2.80,$3.00,$25.00,$3.68,"$23,000.00","$20,544.65",$136.71,$0.17,$64.55,$36.75,$20.00,$14.00,"$1,036.27","$21,233.33",$47.06,$32.48,$77.86,$118.08,"$2,008.41","$1,573.30","$3,561.25","$2,594.90",$553.72,$366.16,"$4,495.59",4.16
Asheville,37021,$15.00,$50.00,$7.00,$4.00,$4.75,$3.83,$1.81,$1.56,$3.06,$2.16,$2.44,$2.25,$7.60,$4.20,$5.00,$2.44,$0.64,$1.99,$1.79,$1.11,$0.97,$1.37,$1.81,$14.00,$1.83,$2.99,$6.00,$1.00,$22.50,$5.00,$5.00,$25.00,$2.67,"$25,000.00","$20,333.33",$142.52,$0.10,$64.05,$42.06,$15.00,$10.00,$852.00,"$18,000.00",$47.80,$32.00,$75.00,$107.07,"$1,231.25",$930.26,"$2,247.06","$1,550.00",$378.46,$156.20,"$2,661.18",4.52
Buffalo,36029,$15.00,$55.00,$8.00,$4.89,$5.00,$3.75,$1.94,$1.51,$2.17,$1.84,$1.56,$1.57,$3.60,$2.87,$4.90,$2.67,$0.49,$1.69,$2.45,$0.84,$1.40,$1.37,$1.50,$10.00,$2.86,$3.67,$11.50,$2.00,$75.00,$3.75,$3.16,$20.00,$2.94,"$25,500.00","$25,028.00",$198.44,$0.05,$64.05,$23.57,$20.00,$12.00,$716.67,"$16,666.67",$46.24,$35.56,$71.15,$81.50,$975.83,$753.04,"$1,446.43","$1,094.12",$137.29,$54.21,"$2,663.60",4.23
Atlanta,13121,$15.00,$50.00,$7.00,$5.00,$6.00,$3.94,$1.80,$1.62,$3.09,$2.38,$1.45,$1.96,$4.42,$3.78,$5.21,$2.11,$0.74,$1.89,$1.60,$1.03,$1.38,$1.18,$1.55,$14.75,$1.83,$3.19,$5.50,$2.50,$95.00,$3.75,$3.25,$21.00,$2.69,"$23,000.00","$20,614.29",$146.08,$0.13,$63.40,$35.75,$16.56,$12.99,$930.25,"$20,250.00",$42.41,$37.00,$73.23,$91.48,"$1,486.28","$1,089.09","$2,645.83","$1,732.61",$307.93,$135.68,"$4,416.64",4.41
Tuscon,04019,$14.00,$45.00,$8.00,$4.25,$5.75,$4.40,$1.59,$1.48,$2.38,$2.00,$1.62,$2.41,$6.33,$3.59,$4.62,$1.61,$0.75,$1.62,$1.26,$1.17,$0.93,$0.99,$1.33,$10.00,$2.29,$3.50,$7.65,$1.75,$45.00,$2.55,$2.20,$30.50,$2.59,"$25,000.00","$20,396.22",$297.01,$0.11,$70.98,$29.43,$15.83,$10.00,$675.00,"$18,000.00",$48.28,$39.55,$77.13,$128.17,$753.41,$691.14,"$1,334.93","$1,149.61",$150.26,$100.00,"$2,582.71",4.84
Milwaukee,55079,$15.00,$55.00,$6.75,$5.00,$6.75,$4.17,$1.97,$1.42,$2.65,$2.00,$1.77,$1.94,$5.68,$3.64,$4.70,$1.81,$0.56,$1.76,$1.70,$0.99,$0.97,$1.62,$2.50,$12.00,$2.04,$2.83,$7.62,$2.25,$72.00,$3.00,$1.00,$52.50,$2.68,"$21,815.00","$21,072.00",$124.18,$0.10,$58.41,$25.03,$35.00,$10.00,$933.33,"$15,366.67",$39.67,$29.33,$69.95,$98.20,"$1,009.32",$741.14,"$2,175.00","$1,365.56",$170.71,$87.94,"$2,471.76",4.31
Austin,48015,$15.00,$55.70,$8.00,$5.00,$6.00,$4.40,$2.12,$1.62,$3.19,$2.47,$1.47,$2.66,$4.40,$3.56,$5.27,$2.01,$0.51,$2.04,$1.50,$1.09,$0.86,$1.54,$1.49,$14.00,$2.37,$3.20,$7.00,$1.25,$41.25,$2.50,$2.40,$29.00,$2.44,"$19,950.00","$20,152.53",$140.88,$0.10,$59.15,$37.86,$18.67,$12.00,$929.29,"$17,141.67",$45.37,$33.96,$71.88,$100.58,"$1,672.47","$1,052.92","$2,860.00","$1,759.31",$401.39,$197.09,"$4,490.30",4.22
Orlando,12095,$15.50,$50.00,$7.50,$4.00,$5.50,$4.11,$1.76,$1.55,$3.50,$2.27,$1.51,$2.51,$4.28,$3.86,$5.28,$1.81,$0.80,$1.70,$1.56,$1.11,$1.10,$1.75,$1.59,$10.00,$1.96,$2.58,$7.99,$2.00,$50.00,$3.50,$2.63,$30.00,$2.65,"$21,000.00","$20,020.67",$144.36,$0.10,$63.51,$32.86,$23.80,$13.00,$759.38,"$11,075.00",$40.61,$37.60,$75.04,$91.64,"$1,376.41","$1,077.52","$2,063.13","$1,637.37",$195.57,$124.94,"$2,877.70",4.31
Tampa,12057,$12.88,$50.00,$7.00,$4.00,$6.00,$4.06,$1.82,$1.42,$3.34,$1.99,$1.75,$2.07,$4.34,$4.07,$5.61,$2.28,$0.65,$1.68,$2.38,$1.03,$1.23,$2.11,$1.57,$10.00,$1.23,$1.71,$6.15,$2.00,$65.00,$2.50,$2.40,$20.00,$2.62,"$20,000.00","$19,553.14",$154.64,$0.19,$60.88,$28.62,$15.71,$12.00,$782.03,"$13,247.00",$40.27,$32.29,$74.77,$90.38,"$1,358.72","$1,019.27","$2,086.96","$1,573.75",$235.47,$121.37,"$3,158.85",4.46
Columbus,39049,$13.00,$45.00,$7.25,$4.00,$5.00,$3.68,$1.70,$1.19,$2.35,$1.91,$1.73,$1.94,$5.39,$3.93,$4.79,$2.11,$0.64,$1.68,$1.86,$1.16,$1.03,$1.38,$1.61,$14.49,$2.10,$3.07,$7.00,$2.00,$62.00,$3.00,$2.91,$18.75,$2.49,"$23,500.00","$18,799.29",$170.83,$0.18,$57.54,$31.30,$21.25,$10.50,$862.00,"$17,000.00",$42.96,$34.00,$73.74,$81.86,"$1,066.41",$826.11,"$1,857.60","$1,270.25",$160.08,$96.21,"$3,210.28",4.17
Las Vegas,32003,$15.00,$50.00,$8.00,$5.00,$7.00,$3.89,$1.75,$1.13,$2.98,$2.50,$1.65,$2.10,$4.25,$2.78,$5.05,$1.64,$0.66,$1.50,$1.71,$1.19,$1.00,$1.62,$1.47,$12.50,$2.23,$3.17,$8.00,$2.00,$65.00,$3.50,$2.76,$32.40,$3.12,"$20,000.00","$21,233.43",$150.32,$0.19,$69.07,$24.02,$20.73,$12.00,$896.63,"$14,236.00",$39.71,$35.58,$68.21,$85.55,"$1,015.03",$887.90,"$1,622.06","$1,355.69",$174.10,$140.32,"$3,428.58",4.4
Kansas City,28059,$15.00,$57.50,$7.00,$4.50,$6.00,$3.71,$1.66,$1.26,$3.38,$2.41,$1.69,$1.95,$5.40,$2.99,$4.26,$1.88,$0.68,$1.51,$1.43,$1.00,$1.18,$1.62,$1.74,$13.00,$1.76,$2.83,$5.00,$1.50,$50.00,$2.50,$2.10,$33.50,$2.54,"$25,500.00","$21,349.25",$224.53,$0.05,$58.81,$34.12,$14.00,$10.00,$780.00,"$18,000.00",$42.04,$35.78,$75.23,$98.10,"$1,029.53",$771.13,"$1,497.73","$1,240.00",$164.52,$75.21,"$3,046.62",4.3
Nashville,47037,$15.00,$65.00,$7.00,$5.00,$6.00,$4.64,$1.80,$1.57,$3.08,$2.22,$1.26,$1.96,$4.28,$3.75,$4.69,$1.84,$0.59,$1.44,$1.42,$0.94,$1.03,$0.96,$1.88,$14.50,$1.74,$3.08,$5.50,$1.70,$55.00,$3.00,$2.00,$18.00,$2.57,"$20,910.00","$21,102.88",$155.72,$0.17,$70.43,$35.26,$7.00,$13.00,$897.78,"$18,000.00",$45.14,$33.65,$75.75,$102.35,"$1,520.23","$1,085.19","$2,724.30","$1,700.25",$256.40,$151.66,"$3,802.08",4.43
Reno,32031,$12.00,$51.00,$7.25,$3.50,$5.00,$4.31,$1.63,$1.38,$3.23,$2.90,$1.76,$2.79,$5.42,$3.70,$6.80,$1.98,$0.58,$0.85,$1.60,$0.89,$0.79,$1.22,$1.58,$13.50,$1.45,$1.70,$7.00,$2.00,$65.00,$3.50,$3.03,$25.00,$3.43,"$22,250.00","$24,216.67",$133.83,$0.09,$62.52,$28.00,$8.75,$10.50,$860.00,"$17,333.33",$44.00,$32.00,$73.60,$84.44,"$1,140.38","$1,010.00","$1,842.86","$1,668.81",$225.57,$189.14,"$3,140.51",4.43
St Louis,29189,$12.00,$60.00,$7.00,$4.00,$5.00,$3.64,$1.67,$1.62,$3.30,$2.11,$1.73,$1.93,$4.18,$2.92,$4.55,$1.87,$0.56,$1.76,$2.05,$0.71,$1.17,$1.88,$1.55,$13.50,$2.06,$2.07,$5.60,$2.00,$74.00,$3.00,$2.00,$21.00,$2.51,"$22,000.00","$21,346.00",$192.61,$0.10,$53.71,$23.62,$14.25,$12.00,$806.54,"$12,500.00",$43.61,$32.23,$74.35,$97.50,$993.79,$701.91,"$1,541.67","$1,399.55",$160.46,$95.00,"$3,144.36",4.29
Phoenix,04013,$12.00,$60.00,$7.50,$4.00,$5.00,$4.09,$1.63,$1.27,$2.10,$2.28,$1.91,$2.10,$4.55,$4.16,$5.72,$1.34,$0.65,$1.43,$1.46,$0.96,$0.88,$1.15,$1.77,$12.00,$1.53,$2.30,$7.58,$2.00,$64.00,$3.25,$2.38,$36.00,$2.90,"$21,880.00","$20,437.81",$168.76,$0.11,$74.79,$28.80,$5.54,$10.25,$684.59,"$13,533.33",$43.61,$35.71,$75.80,$98.10,"$1,202.13",$892.85,"$1,798.64","$1,403.86",$213.42,$136.38,"$3,576.18",4.43
Dallas,48113,$14.50,$50.00,$7.50,$4.00,$6.00,$3.97,$1.74,$1.35,$2.43,$2.10,$1.90,$1.94,$4.07,$4.21,$4.65,$1.73,$0.52,$1.45,$1.32,$0.85,$1.06,$1.35,$1.40,$12.50,$1.95,$2.35,$7.00,$3.00,$80.00,$3.05,$1.80,$20.00,$2.50,"$19,000.00","$19,924.71",$144.82,$0.14,$62.51,$41.13,$3.12,$12.00,$908.25,"$15,333.33",$43.49,$41.56,$73.00,$108.83,"$1,391.00","$1,028.89","$2,603.86","$1,777.66",$230.83,$128.06,"$4,814.15",4.2
Indianapolis,18097,$12.00,$50.00,$6.75,$4.00,$5.00,$4.17,$1.73,$1.30,$2.02,$2.27,$1.38,$1.71,$3.40,$3.08,$4.64,$2.40,$0.71,$2.11,$2.01,$0.94,$1.20,$1.36,$1.72,$12.74,$1.84,$2.25,$6.00,$1.75,$60.00,$2.88,$2.00,$24.00,$2.61,"$20,900.00","$20,400.00",$162.33,$0.10,$54.95,$32.14,$23.00,$10.50,$546.40,"$11,950.00",$40.30,$34.28,$71.21,$87.79,"$1,169.06",$725.06,"$1,683.02","$1,092.03",$133.29,$82.40,"$2,637.34",4.2
San Antonio,48029,$12.75,$38.00,$7.50,$3.50,$5.00,$3.84,$1.67,$1.36,$3.04,$2.32,$1.25,$2.30,$5.66,$3.89,$5.29,$1.95,$0.66,$1.29,$1.72,$1.17,$0.91,$1.52,$1.76,$10.00,$2.59,$3.75,$6.75,$1.35,$38.00,$3.90,$2.59,$25.00,$2.31,"$23,000.00","$21,283.33",$173.13,$0.13,$57.31,$33.50,$17.33,$10.00,$684.38,"$9,400.00",$43.80,$32.70,$67.65,$87.24,"$1,120.95",$812.85,"$1,875.05","$1,320.00",$150.28,$97.52,"$3,146.01",4.59
Houston,48225,$15.00,$65.00,$7.80,$5.00,$6.00,$4.27,$1.86,$1.52,$3.03,$2.08,$1.30,$2.15,$4.32,$3.43,$4.67,$1.37,$0.54,$1.42,$1.00,$0.88,$0.75,$1.13,$1.66,$13.25,$2.32,$2.69,$7.00,$1.25,$49.25,$2.88,$3.00,$24.00,$2.40,"$20,500.00","$20,630.42",$137.81,$0.14,$60.25,$38.99,$10.78,$10.00,$857.50,"$20,444.44",$42.89,$35.50,$69.89,$91.77,"$1,352.85",$901.69,"$2,517.89","$1,658.27",$193.98,$100.20,"$3,859.60",4.24
Louisville,21111,$15.00,$55.00,$6.99,$4.00,$6.00,$4.33,$1.59,$1.25,$2.08,$1.93,$1.69,$1.84,$4.93,$2.77,$4.28,$1.59,$0.56,$1.50,$1.71,$0.80,$0.88,$1.24,$1.83,$12.00,$2.50,$3.50,$5.25,$2.00,$50.00,$2.70,$2.45,$30.00,$2.52,"$22,897.50","$20,220.00",$147.06,$0.10,$61.43,$26.12,$18.75,$12.00,$740.00,"$12,620.00",$38.86,$26.71,$72.88,$91.15,$884.29,$750.06,"$1,400.00","$1,268.18",$157.88,$78.80,"$2,530.87",4.19
Madison,55025,$13.00,$49.00,$7.50,$4.00,$5.00,$3.80,$1.82,$1.57,$2.52,$2.31,$1.42,$1.39,$4.54,$4.62,$5.47,$1.08,$0.47,$1.34,$1.11,$0.80,$0.71,$1.05,$1.80,$10.00,$1.34,$1.84,$7.50,$2.00,$65.00,$4.50,$2.89,$17.50,$2.61,"$20,000.00","$19,717.86",$113.91,$0.10,$55.22,$45.95,$15.00,$12.00,"$1,100.00","$15,333.33",$46.90,$36.00,$81.00,$99.65,"$1,198.29",$934.20,"$1,926.67","$1,597.14",$239.29,$153.08,"$3,285.17",4.04
Memphis,47157,$14.50,$47.50,$6.50,$4.00,$6.00,$4.29,$1.66,$1.38,$3.21,$1.98,$1.55,$2.48,$4.93,$2.70,$4.49,$1.60,$0.73,$1.00,$0.96,$0.73,$0.70,$1.10,$2.00,$14.00,$1.64,$2.90,$5.12,$1.75,$50.00,$2.00,$2.00,$20.00,$2.38,"$22,000.00","$19,583.33",$141.21,$0.10,$59.71,$33.33,$35.00,$11.00,$650.00,"$18,000.00",$40.87,$31.33,$78.47,$106.57,$909.50,$798.63,"$1,253.69",$894.12,$89.23,$49.06,"$2,719.88",4.42
Salt Lake City,49035,$13.00,$45.00,$7.00,$4.00,$5.00,$3.81,$1.52,$1.24,$2.46,$2.34,$1.11,$1.68,$5.33,$2.90,$4.58,$1.70,$0.59,$1.41,$1.36,$0.70,$0.72,$1.45,$1.50,$15.00,$2.06,$3.03,$7.00,$2.50,$83.75,$2.90,$3.00,$33.75,$2.97,"$19,000.00","$18,985.50",$134.92,$0.15,$58.64,$23.50,$8.00,$10.00,$660.21,"$12,200.00",$44.98,$33.65,$68.42,$85.17,"$1,159.79",$908.36,"$1,917.39","$1,509.62",$297.77,$173.65,"$3,323.96",4.25
Little Rock,05119,$12.00,$45.25,$7.00,$4.50,$5.50,$4.39,$1.73,$1.39,$3.37,$1.78,$1.60,$1.57,$4.10,$2.42,$4.29,$1.55,$0.58,$1.28,$1.22,$0.91,$0.75,$1.06,$1.38,$7.99,$2.17,$3.00,$6.32,$1.35,$35.00,$3.25,$3.00,$25.00,$2.36,"$21,500.00","$21,019.60",$160.06,$0.10,$57.16,$20.81,$15.00,$11.32,$546.00,"$11,200.00",$34.00,$30.11,$70.42,$94.44,$798.00,$668.33,"$1,312.33","$1,022.22",$129.00,$73.34,"$2,808.90",4.13